{
  "generator": "meta-llama/llama-3.3-70b-instruct",
  "n_tasks": 48,
  "absolute": {
    "fit": {
      "plain": 5.729166666666667,
      "cot": 5.895833333333333,
      "simtom": 5.895833333333333,
      "persentence": 5.520833333333333
    },
    "engagement": {
      "plain": 5.1875,
      "cot": 5.229166666666667,
      "simtom": 5.458333333333333,
      "persentence": 5.020833333333333
    },
    "understanding": {
      "plain": 9.083333333333334,
      "cot": 9.0625,
      "simtom": 9.0625,
      "persentence": 8.9375
    }
  },
  "pairwise": {
    "quality_vs_plain": {
      "winrate": 0.19791666666666666,
      "p": 3.42197110897684e-06,
      "n": 48
    },
    "fit_vs_plain": {
      "winrate": 0.3333333333333333,
      "p": 0.007660761135179473,
      "n": 48
    },
    "quality_vs_cot": {
      "winrate": 0.2604166666666667,
      "p": 0.0004523942602980245,
      "n": 48
    },
    "fit_vs_cot": {
      "winrate": 0.1875,
      "p": 2.1014359560124373e-06,
      "n": 48
    },
    "quality_vs_simtom": {
      "winrate": 0.11458333333333333,
      "p": 7.54012650724165e-09,
      "n": 48
    },
    "fit_vs_simtom": {
      "winrate": 0.16666666666666666,
      "p": 2.0907161196514423e-07,
      "n": 48
    }
  }
}