{
  "absolute": {
    "fit": {
      "plain": {
        "mean": 6.366666666666666,
        "ci": [
          5.766666666666667,
          6.95
        ],
        "n": 60
      },
      "cot": {
        "mean": 7.116666666666666,
        "ci": [
          6.56625,
          7.633333333333334
        ],
        "n": 60
      },
      "simtom": {
        "mean": 7.283333333333333,
        "ci": [
          6.766666666666667,
          7.767083333333328
        ],
        "n": 60
      },
      "persentence": {
        "mean": 6.516666666666667,
        "ci": [
          5.933333333333334,
          7.083333333333333
        ],
        "n": 60
      },
      "vs_plain": {
        "mean_diff": 0.15,
        "cohen_d": 0.09418438456572328,
        "p": 0.5731461060237362
      },
      "vs_cot": {
        "mean_diff": -0.6,
        "cohen_d": -0.6030743156004792,
        "p": 5.9295884285783596e-05
      },
      "vs_simtom": {
        "mean_diff": -0.7666666666666667,
        "cohen_d": -0.7319284048584632,
        "p": 4.756051171941323e-06
      }
    },
    "understanding": {
      "plain": {
        "mean": 9.15,
        "ci": [
          8.916666666666666,
          9.383333333333333
        ],
        "n": 60
      },
      "cot": {
        "mean": 9.3,
        "ci": [
          9.066666666666666,
          9.516666666666667
        ],
        "n": 60
      },
      "simtom": {
        "mean": 9.316666666666666,
        "ci": [
          9.1,
          9.516666666666667
        ],
        "n": 60
      },
      "persentence": {
        "mean": 9.083333333333334,
        "ci": [
          8.85,
          9.316666666666666
        ],
        "n": 60
      },
      "vs_plain": {
        "mean_diff": -0.06666666666666667,
        "cohen_d": -0.09723748353967314,
        "p": 0.47438308583669553
      },
      "vs_cot": {
        "mean_diff": -0.21666666666666667,
        "cohen_d": -0.3902845484000473,
        "p": 0.004556349803185131
      },
      "vs_simtom": {
        "mean_diff": -0.23333333333333334,
        "cohen_d": -0.3603806513070284,
        "p": 0.0081509715935027
      }
    },
    "engagement": {
      "plain": {
        "mean": 5.8,
        "ci": [
          5.2,
          6.416666666666667
        ],
        "n": 60
      },
      "cot": {
        "mean": 6.45,
        "ci": [
          5.916666666666667,
          6.966666666666667
        ],
        "n": 60
      },
      "simtom": {
        "mean": 6.616666666666666,
        "ci": [
          6.133333333333334,
          7.1
        ],
        "n": 60
      },
      "persentence": {
        "mean": 5.933333333333334,
        "ci": [
          5.366666666666666,
          6.5
        ],
        "n": 60
      },
      "vs_plain": {
        "mean_diff": 0.13333333333333333,
        "cohen_d": 0.09236978092458027,
        "p": 0.6052944202253087
      },
      "vs_cot": {
        "mean_diff": -0.5166666666666667,
        "cohen_d": -0.5352059299850469,
        "p": 0.00025084493602531445
      },
      "vs_simtom": {
        "mean_diff": -0.6833333333333333,
        "cohen_d": -0.6721296167677466,
        "p": 1.41625015928602e-05
      }
    }
  },
  "pairwise": {
    "fit_vs_cot": {
      "winrate": 0.25,
      "ci": [
        0.15833333333333333,
        0.35
      ],
      "p": 2.2090496998585445e-05,
      "n": 60
    },
    "fit_vs_plain": {
      "winrate": 0.475,
      "ci": [
        0.35833333333333334,
        0.5916666666666667
      ],
      "p": 0.6744240722352938,
      "n": 60
    },
    "fit_vs_simtom": {
      "winrate": 0.2,
      "ci": [
        0.11666666666666667,
        0.2833333333333333
      ],
      "p": 2.034554614544436e-07,
      "n": 60
    },
    "quality_vs_cot": {
      "winrate": 0.15,
      "ci": [
        0.09166666666666666,
        0.21666666666666667
      ],
      "p": 2.424145039999148e-10,
      "n": 60
    },
    "quality_vs_plain": {
      "winrate": 0.25,
      "ci": [
        0.15833333333333333,
        0.3416666666666667
      ],
      "p": 9.722321453020389e-06,
      "n": 60
    },
    "quality_vs_simtom": {
      "winrate": 0.08333333333333333,
      "ci": [
        0.03333333333333333,
        0.14166666666666666
      ],
      "p": 4.098215441106747e-12,
      "n": 60
    }
  },
  "adaptation": {
    "plain": {
      "mean_gap": 6.083333333333333,
      "ci": [
        5.666666666666667,
        6.541666666666667
      ],
      "n": 12
    },
    "cot": {
      "mean_gap": 6.666666666666667,
      "ci": [
        6.166666666666667,
        7.166666666666667
      ],
      "n": 12
    },
    "simtom": {
      "mean_gap": 7.0,
      "ci": [
        6.666666666666667,
        7.333333333333333
      ],
      "n": 12
    },
    "persentence": {
      "mean_gap": 6.041666666666667,
      "ci": [
        5.541666666666667,
        6.541666666666667
      ],
      "n": 12
    },
    "vs_plain": {
      "mean_diff": -0.041666666666666664,
      "cohen_d": -0.03729606493025423,
      "p": 0.87890625
    },
    "vs_cot": {
      "mean_diff": -0.625,
      "cohen_d": -0.753778361444409,
      "p": 0.0390625
    },
    "vs_simtom": {
      "mean_diff": -0.9583333333333334,
      "cohen_d": -1.273497103174904,
      "p": 0.00390625
    }
  },
  "diversity": {
    "plain": {
      "distinct2": 0.8234826096840191,
      "self_bleu": 0.40607409392341637
    },
    "cot": {
      "distinct2": 0.8423938404106392,
      "self_bleu": 0.38301981095590076
    },
    "simtom": {
      "distinct2": 0.8571102748317938,
      "self_bleu": 0.363293980365183
    },
    "persentence": {
      "distinct2": 0.8234307145677062,
      "self_bleu": 0.40202280843675836
    }
  },
  "cost": {
    "plain": {
      "word_count_mean": 147.63333333333333,
      "word_count_std": 8.181211537554951,
      "thinking_chars_mean": 0.0
    },
    "cot": {
      "word_count_mean": 143.86666666666667,
      "word_count_std": 9.58552148932035,
      "thinking_chars_mean": 2086.116666666667
    },
    "simtom": {
      "word_count_mean": 147.15,
      "word_count_std": 7.754192414429759,
      "thinking_chars_mean": 1761.9
    },
    "persentence": {
      "word_count_mean": 169.86666666666667,
      "word_count_std": 24.120162151656903,
      "thinking_chars_mean": 2479.95
    }
  },
  "holm": [
    {
      "test": [
        "abs",
        "fit",
        "plain"
      ],
      "p_raw": 0.5731461060237362,
      "p_holm": 1.0
    },
    {
      "test": [
        "abs",
        "fit",
        "cot"
      ],
      "p_raw": 5.9295884285783596e-05,
      "p_holm": 0.0006522547271436195
    },
    {
      "test": [
        "abs",
        "fit",
        "simtom"
      ],
      "p_raw": 4.756051171941323e-06,
      "p_holm": 7.134076757911984e-05
    },
    {
      "test": [
        "abs",
        "understanding",
        "plain"
      ],
      "p_raw": 0.47438308583669553,
      "p_holm": 1.0
    },
    {
      "test": [
        "abs",
        "understanding",
        "cot"
      ],
      "p_raw": 0.004556349803185131,
      "p_holm": 0.036450798425481046
    },
    {
      "test": [
        "abs",
        "understanding",
        "simtom"
      ],
      "p_raw": 0.0081509715935027,
      "p_holm": 0.0570568011545189
    },
    {
      "test": [
        "abs",
        "engagement",
        "plain"
      ],
      "p_raw": 0.6052944202253087,
      "p_holm": 1.0
    },
    {
      "test": [
        "abs",
        "engagement",
        "cot"
      ],
      "p_raw": 0.00025084493602531445,
      "p_holm": 0.0025084493602531444
    },
    {
      "test": [
        "abs",
        "engagement",
        "simtom"
      ],
      "p_raw": 1.41625015928602e-05,
      "p_holm": 0.0001841125207071826
    },
    {
      "test": [
        "pw",
        "fit",
        "cot"
      ],
      "p_raw": 2.2090496998585445e-05,
      "p_holm": 0.0002650859639830253
    },
    {
      "test": [
        "pw",
        "fit",
        "plain"
      ],
      "p_raw": 0.6744240722352938,